trial,fold,F1 Score,Accuracy,Precision,Recall,Batch Size,Learning Rate,Optimizer,Scheduler,Accumulation Steps,Weight Decay
28,1,0.63169837089613,0.632466281310212,0.6331812187747025,0.632466281310212,128,9.724218868870514e-05,AdamW,StepLR,8,0.0017301561477334373
28,2,0.6274503800398566,0.6284521515735388,0.6285063805657916,0.6284521515735388,128,9.724218868870514e-05,AdamW,StepLR,8,0.0017301561477334373
28,3,0.6319562507443809,0.6338016860698514,0.6333144570074735,0.6338016860698514,128,9.724218868870514e-05,AdamW,StepLR,8,0.0017301561477334373
28,4,0.6345129467969263,0.6360497792051385,0.635335821441548,0.6360497792051385,128,9.724218868870514e-05,AdamW,StepLR,8,0.0017301561477334373
28,5,0.628342435472452,0.6297069450020072,0.6292786854673454,0.6297069450020072,128,9.724218868870514e-05,AdamW,StepLR,8,0.0017301561477334373
