trial,fold,F1 Score,Accuracy,Precision,Recall,Batch Size,Learning Rate,Optimizer,Scheduler,Accumulation Steps,Weight Decay
49,1,0.6436053684289293,0.6442678227360308,0.6441886725454578,0.6442678227360308,64,5.5769748965448994e-05,AdamW,StepLR,2,0.0048591995909469795
49,2,0.6420950949681119,0.6430635838150289,0.6427185574109482,0.6430635838150289,64,5.5769748965448994e-05,AdamW,StepLR,2,0.0048591995909469795
49,3,0.6430708950032593,0.6439181051786431,0.6436115628201712,0.6439181051786431,64,5.5769748965448994e-05,AdamW,StepLR,2,0.0048591995909469795
49,4,0.648100467405766,0.6494580489763148,0.6481332174971041,0.6494580489763148,64,5.5769748965448994e-05,AdamW,StepLR,2,0.0048591995909469795
49,5,0.6382635804347228,0.6386190285026094,0.6396826175089003,0.6386190285026094,64,5.5769748965448994e-05,AdamW,StepLR,2,0.0048591995909469795
