trial,fold,F1 Score,Accuracy,Precision,Recall,Batch Size,Learning Rate,Optimizer,Scheduler,Accumulation Steps,Weight Decay
89,1,0.6816682490787906,0.6820809248554913,0.6817739680247441,0.6820809248554913,128,0.0010643506827641208,AdamW,StepLR,4,9.57120668375962e-05
89,2,0.6706492725666836,0.6717244701348748,0.6703237320173472,0.6717244701348748,128,0.0010643506827641208,AdamW,StepLR,4,9.57120668375962e-05
89,3,0.6757421190370357,0.6762745885186672,0.6763484041233803,0.6762745885186672,128,0.0010643506827641208,AdamW,StepLR,4,9.57120668375962e-05
89,4,0.6791942241029469,0.6798073063026897,0.6791591136621019,0.6798073063026897,128,0.0010643506827641208,AdamW,StepLR,4,9.57120668375962e-05
89,5,0.6755140023875099,0.6756322761942994,0.6760982987157252,0.6756322761942994,128,0.0010643506827641208,AdamW,StepLR,4,9.57120668375962e-05
