trial,fold,F1 Score,Accuracy,Precision,Recall,Batch Size,Learning Rate,Optimizer,Scheduler,Accumulation Steps,Weight Decay
23,1,0.6657808378467852,0.6667469492614001,0.666787432082623,0.6667469492614001,64,0.0005239026990887942,AdamW,StepLR,8,0.0011204438032620752
23,2,0.6651713142641462,0.6656229929351317,0.665711389003168,0.6656229929351317,64,0.0005239026990887942,AdamW,StepLR,8,0.0011204438032620752
23,3,0.6607225897829727,0.6613408269771176,0.6609263101353032,0.6613408269771176,64,0.0005239026990887942,AdamW,StepLR,8,0.0011204438032620752
23,4,0.6663278837379728,0.6672019269369731,0.6672212216120704,0.6672019269369731,64,0.0005239026990887942,AdamW,StepLR,8,0.0011204438032620752
23,5,0.6695748093896045,0.6692091529506222,0.670648971040561,0.6692091529506222,64,0.0005239026990887942,AdamW,StepLR,8,0.0011204438032620752
