trial,fold,F1 Score,Accuracy,Precision,Recall,Batch Size,Learning Rate,Optimizer,Scheduler,Accumulation Steps,Weight Decay
62,1,0.675375212433655,0.6759794476557482,0.6759275650377112,0.6759794476557482,256,0.000682836042932232,AdamW,StepLR,2,0.003332884359270262
62,2,0.670739243383968,0.6703596660244059,0.6717058638848904,0.6703596660244059,256,0.000682836042932232,AdamW,StepLR,2,0.003332884359270262
62,3,0.6728426476526518,0.6728221597751907,0.6737634788252131,0.6728221597751907,256,0.000682836042932232,AdamW,StepLR,2,0.003332884359270262
62,4,0.6728213538837033,0.6737053392211964,0.6729961772125471,0.6737053392211964,256,0.000682836042932232,AdamW,StepLR,2,0.003332884359270262
62,5,0.6686013664715468,0.6689682858289844,0.6694639511167381,0.6689682858289844,256,0.000682836042932232,AdamW,StepLR,2,0.003332884359270262
