trial,fold,F1 Score,Accuracy,Precision,Recall,Batch Size,Learning Rate,Optimizer,Scheduler,Accumulation Steps,Weight Decay
60,1,0.6639409075253093,0.6644187540141298,0.6643460132810508,0.6644187540141298,64,0.00023134923256958208,AdamW,StepLR,2,2.836340538167341e-05
60,2,0.660578655039815,0.6607257546563905,0.6610894217055584,0.6607257546563905,64,0.00023134923256958208,AdamW,StepLR,2,2.836340538167341e-05
60,3,0.6658613876115236,0.6660778803693296,0.6658367996048157,0.6660778803693296,64,0.00023134923256958208,AdamW,StepLR,2,2.836340538167341e-05
60,4,0.6675039397146223,0.6677639502207948,0.66785112660207,0.6677639502207948,64,0.00023134923256958208,AdamW,StepLR,2,2.836340538167341e-05
60,5,0.6609747209198993,0.6614211160176636,0.6612118946543007,0.6614211160176636,64,0.00023134923256958208,AdamW,StepLR,2,2.836340538167341e-05
