trial,fold,F1 Score,Accuracy,Precision,Recall,Batch Size,Learning Rate,Optimizer,Scheduler,Accumulation Steps,Weight Decay
92,1,0.6860239301506835,0.6860950545921645,0.6867253404734881,0.6860950545921645,256,0.0019813054763819183,AdamW,StepLR,2,0.001463333849967611
92,2,0.6788329474939732,0.6789499036608864,0.6795467129238915,0.6789499036608864,256,0.0019813054763819183,AdamW,StepLR,2,0.001463333849967611
92,3,0.6803810464309479,0.6808510638297872,0.681654959626452,0.6808510638297872,256,0.0019813054763819183,AdamW,StepLR,2,0.001463333849967611
92,4,0.6875722591114882,0.6877559213167402,0.688283133275235,0.6877559213167402,256,0.0019813054763819183,AdamW,StepLR,2,0.001463333849967611
92,5,0.6811259230502931,0.6818145323163388,0.6820125049704001,0.6818145323163388,256,0.0019813054763819183,AdamW,StepLR,2,0.001463333849967611
