trial,fold,F1 Score,Accuracy,Precision,Recall,Batch Size,Learning Rate,Optimizer,Scheduler,Accumulation Steps,Weight Decay
68,1,0.6857595982057306,0.6859344894026975,0.6862491023981344,0.6859344894026975,256,0.002465846101949747,AdamW,StepLR,2,0.0004883380581601949
68,2,0.6772559569935186,0.678548490687219,0.6774749850908572,0.678548490687219,256,0.002465846101949747,AdamW,StepLR,2,0.0004883380581601949
68,3,0.68081302785505,0.681413087113609,0.6809445156606391,0.681413087113609,256,0.002465846101949747,AdamW,StepLR,2,0.0004883380581601949
68,4,0.684610446737701,0.6855881172219992,0.6850646224769106,0.6855881172219992,256,0.002465846101949747,AdamW,StepLR,2,0.0004883380581601949
68,5,0.6792027097097404,0.6796467282215978,0.6792154510326959,0.6796467282215978,256,0.002465846101949747,AdamW,StepLR,2,0.0004883380581601949
