trial,fold,F1 Score,Accuracy,Precision,Recall,Batch Size,Learning Rate,Optimizer,Scheduler,Accumulation Steps,Weight Decay
94,1,0.6854604794747143,0.685854206807964,0.6869923163066373,0.685854206807964,256,0.00164066437445258,AdamW,StepLR,2,0.0014559334644784628
94,2,0.6829163232010022,0.6836865767501605,0.6827779107027357,0.6836865767501605,256,0.00164066437445258,AdamW,StepLR,2,0.0014559334644784628
94,3,0.6811204824150514,0.6821356884785227,0.6810516796429583,0.6821356884785227,256,0.00164066437445258,AdamW,StepLR,2,0.0014559334644784628
94,4,0.6867423154796739,0.6872741870734644,0.6873188642432566,0.6872741870734644,256,0.00164066437445258,AdamW,StepLR,2,0.0014559334644784628
94,5,0.6767687184536245,0.6769169008430349,0.6770304139602218,0.6769169008430349,256,0.00164066437445258,AdamW,StepLR,2,0.0014559334644784628
