trial,fold,F1 Score,Accuracy,Precision,Recall,Batch Size,Learning Rate,Optimizer,Scheduler,Accumulation Steps,Weight Decay
59,1,0.5180073926886177,0.5245664739884393,0.5233746544189405,0.5245664739884393,64,1.245506596925208e-06,AdamW,StepLR,1,0.0021832174526073204
59,2,0.5060815150544881,0.5132466281310212,0.5088219618690399,0.5132466281310212,64,1.245506596925208e-06,AdamW,StepLR,1,0.0021832174526073204
59,3,0.5144051530186853,0.5212364512244079,0.5195517227878875,0.5212364512244079,64,1.245506596925208e-06,AdamW,StepLR,1,0.0021832174526073204
59,4,0.510150932994424,0.5190686471296668,0.5184669359126458,0.5190686471296668,64,1.245506596925208e-06,AdamW,StepLR,1,0.0021832174526073204
59,5,0.5036720819273259,0.5107988759534323,0.5117242496659481,0.5107988759534323,64,1.245506596925208e-06,AdamW,StepLR,1,0.0021832174526073204
