trial,fold,F1 Score,Accuracy,Precision,Recall,Batch Size,Learning Rate,Optimizer,Scheduler,Accumulation Steps,Weight Decay
69,1,0.6898812441204174,0.6905908798972383,0.6912100101918606,0.6905908798972383,256,0.0020240611219321195,AdamW,StepLR,2,0.0016886400324014601
69,2,0.6810440668139807,0.6809569685292228,0.6816869134350382,0.6809569685292228,256,0.0020240611219321195,AdamW,StepLR,2,0.0016886400324014601
69,3,0.6840193298847193,0.683661180248896,0.6851834286346385,0.683661180248896,256,0.0020240611219321195,AdamW,StepLR,2,0.0016886400324014601
69,4,0.6851573480118563,0.6855881172219992,0.685447183488265,0.6855881172219992,256,0.0020240611219321195,AdamW,StepLR,2,0.0016886400324014601
69,5,0.6810869374216151,0.681493376154155,0.6811271310509938,0.681493376154155,256,0.0020240611219321195,AdamW,StepLR,2,0.0016886400324014601
