trial,fold,F1 Score,Accuracy,Precision,Recall,Batch Size,Learning Rate,Optimizer,Scheduler,Accumulation Steps,Weight Decay
78,1,0.6841716979221228,0.684810533076429,0.6847730407674925,0.684810533076429,256,0.0028834099925912613,AdamW,StepLR,4,0.0006317064884277979
78,2,0.675717406218132,0.6762202954399487,0.6756260739283552,0.6762202954399487,256,0.0028834099925912613,AdamW,StepLR,4,0.0006317064884277979
78,3,0.6809016895348784,0.6808510638297872,0.6829372804541668,0.6808510638297872,256,0.0028834099925912613,AdamW,StepLR,4,0.0006317064884277979
78,4,0.6832429922936657,0.683661180248896,0.6838627712228965,0.683661180248896,256,0.0028834099925912613,AdamW,StepLR,4,0.0006317064884277979
78,5,0.6731663772254185,0.6734644720995584,0.6730128919656093,0.6734644720995584,256,0.0028834099925912613,AdamW,StepLR,4,0.0006317064884277979
