trial,fold,F1 Score,Accuracy,Precision,Recall,Batch Size,Learning Rate,Optimizer,Scheduler,Accumulation Steps,Weight Decay
4,1,0.6309853966682791,0.63126204238921,0.6332734599531695,0.63126204238921,64,3.8284985941236105e-05,Adam,StepLR,2,1.1510825760051288e-06
4,2,0.6296948694211382,0.630218368657675,0.6305989028065618,0.630218368657675,64,3.8284985941236105e-05,Adam,StepLR,2,1.1510825760051288e-06
4,3,0.634686853011799,0.6357286230429546,0.6352635526752433,0.6357286230429546,64,3.8284985941236105e-05,Adam,StepLR,2,1.1510825760051288e-06
4,4,0.6406218654183828,0.641830590124448,0.641035236628097,0.641830590124448,64,3.8284985941236105e-05,Adam,StepLR,2,1.1510825760051288e-06
4,5,0.6312154511609269,0.6321959052589321,0.6320262043924066,0.6321959052589321,64,3.8284985941236105e-05,Adam,StepLR,2,1.1510825760051288e-06
