trial,fold,F1 Score,Accuracy,Precision,Recall,Batch Size,Learning Rate,Optimizer,Scheduler,Accumulation Steps,Weight Decay
34,1,0.6591883570015723,0.6594412331406551,0.6597566788220605,0.6594412331406551,64,0.00010137411071126606,AdamW,StepLR,1,0.004011681522744741
34,2,0.6521794721570771,0.652296082209377,0.6532292971311348,0.652296082209377,64,0.00010137411071126606,AdamW,StepLR,1,0.004011681522744741
34,3,0.6604233908542567,0.660377358490566,0.6610572001411538,0.660377358490566,64,0.00010137411071126606,AdamW,StepLR,1,0.004011681522744741
34,4,0.662136695500385,0.6633480529907667,0.6617794238562892,0.6633480529907667,64,0.00010137411071126606,AdamW,StepLR,1,0.004011681522744741
34,5,0.6547315139930631,0.6548374146928945,0.6553273649089889,0.6548374146928945,64,0.00010137411071126606,AdamW,StepLR,1,0.004011681522744741
