trial,fold,F1 Score,Accuracy,Precision,Recall,Batch Size,Learning Rate,Optimizer,Scheduler,Accumulation Steps,Weight Decay
65,1,0.683528143710288,0.6838471419396275,0.6841802485851081,0.6838471419396275,256,0.0032357940866089303,AdamW,StepLR,2,0.0006899450684210597
65,2,0.6733032328201234,0.6732498394348105,0.6739157986924101,0.6732498394348105,256,0.0032357940866089303,AdamW,StepLR,2,0.0006899450684210597
65,3,0.676822977426731,0.676756322761943,0.6778244497443252,0.676756322761943,256,0.0032357940866089303,AdamW,StepLR,2,0.0006899450684210597
65,4,0.6851883229822144,0.6857486953030911,0.6851254095668593,0.6857486953030911,256,0.0032357940866089303,AdamW,StepLR,2,0.0006899450684210597
65,5,0.6758853167504713,0.6760337213970293,0.6762458108738152,0.6760337213970293,256,0.0032357940866089303,AdamW,StepLR,2,0.0006899450684210597
