trial,fold,F1 Score,Accuracy,Precision,Recall,Batch Size,Learning Rate,Optimizer,Scheduler,Accumulation Steps,Weight Decay
20,1,0.5558370436483774,0.5606133590237636,0.5600465378336883,0.5606133590237636,64,9.860655958484494e-06,AdamW,StepLR,8,2.4219251310438056e-05
20,2,0.5508298487236337,0.5551541425818882,0.5536092589434685,0.5551541425818882,64,9.860655958484494e-06,AdamW,StepLR,8,2.4219251310438056e-05
20,3,0.5497832251889696,0.553673223604978,0.5513420253212903,0.553673223604978,64,9.860655958484494e-06,AdamW,StepLR,8,2.4219251310438056e-05
20,4,0.5537209998879907,0.55800883179446,0.559785008733266,0.55800883179446,64,9.860655958484494e-06,AdamW,StepLR,8,2.4219251310438056e-05
20,5,0.5432450668051574,0.5481332798073063,0.546858464161411,0.5481332798073063,64,9.860655958484494e-06,AdamW,StepLR,8,2.4219251310438056e-05
