trial,fold,F1 Score,Accuracy,Precision,Recall,Batch Size,Learning Rate,Optimizer,Scheduler,Accumulation Steps,Weight Decay
63,1,0.6831122867140809,0.6836865767501605,0.6842347762472356,0.6836865767501605,256,0.002740312800203218,AdamW,StepLR,2,0.0011197222326820272
63,2,0.6764322722089743,0.6770231213872833,0.6764340537202467,0.6770231213872833,256,0.002740312800203218,AdamW,StepLR,2,0.0011197222326820272
63,3,0.6773156460628477,0.6775592131674026,0.677855735149076,0.6775592131674026,256,0.002740312800203218,AdamW,StepLR,2,0.0011197222326820272
63,4,0.6880858189557284,0.6888799678843838,0.6880354639224862,0.6888799678843838,256,0.002740312800203218,AdamW,StepLR,2,0.0011197222326820272
63,5,0.6796946169766546,0.6799678843837816,0.6801342751039238,0.6799678843837816,256,0.002740312800203218,AdamW,StepLR,2,0.0011197222326820272
