trial,fold,F1 Score,Accuracy,Precision,Recall,Batch Size,Learning Rate,Optimizer,Scheduler,Accumulation Steps,Weight Decay
3,1,0.5851826419452985,0.5882305716120745,0.5872887412124949,0.5882305716120745,256,3.02914290430948e-05,AdamW,StepLR,4,4.691793292111342e-06
3,2,0.5843222215538437,0.5872671804752729,0.5872561057136848,0.5872671804752729,256,3.02914290430948e-05,AdamW,StepLR,4,4.691793292111342e-06
3,3,0.586965363897572,0.5902047370533922,0.5891713195058824,0.5902047370533922,256,3.02914290430948e-05,AdamW,StepLR,4,4.691793292111342e-06
3,4,0.5927859998608173,0.5964672822159776,0.5963000108427919,0.5964672822159776,256,3.02914290430948e-05,AdamW,StepLR,4,4.691793292111342e-06
3,5,0.5786360406108735,0.5826575672420714,0.5806929274176449,0.5826575672420714,256,3.02914290430948e-05,AdamW,StepLR,4,4.691793292111342e-06
