trial,fold,F1 Score,Accuracy,Precision,Recall,Batch Size,Learning Rate,Optimizer,Scheduler,Accumulation Steps,Weight Decay
98,1,0.6810035137762784,0.6807161207450225,0.682567821278357,0.6807161207450225,256,0.0013829460372514733,AdamW,StepLR,2,0.0019245566977018286
98,2,0.6817360773134197,0.6816795118818241,0.6827274427397695,0.6816795118818241,256,0.0013829460372514733,AdamW,StepLR,2,0.0019245566977018286
98,3,0.6820232806065978,0.6826977117623444,0.6818356188021901,0.6826977117623444,256,0.0013829460372514733,AdamW,StepLR,2,0.0019245566977018286
98,4,0.6862269245589478,0.6874347651545564,0.6863765575058416,0.6874347651545564,256,0.0013829460372514733,AdamW,StepLR,2,0.0019245566977018286
98,5,0.6783900409015895,0.6786832597350462,0.6791398906768217,0.6786832597350462,256,0.0013829460372514733,AdamW,StepLR,2,0.0019245566977018286
