trial,fold,F1 Score,Accuracy,Precision,Recall,Batch Size,Learning Rate,Optimizer,Scheduler,Accumulation Steps,Weight Decay
9,1,0.6555183546857247,0.6560693641618497,0.6553977279683406,0.6560693641618497,256,0.000255427557044214,Adam,StepLR,2,1.87784008964611e-06
9,2,0.6529918792662096,0.6532594733461785,0.6531306587526602,0.6532594733461785,256,0.000255427557044214,Adam,StepLR,2,1.87784008964611e-06
9,3,0.655372488442831,0.6553191489361702,0.6558547354480236,0.6553191489361702,256,0.000255427557044214,Adam,StepLR,2,1.87784008964611e-06
9,4,0.6569775147680663,0.6574869530309113,0.6570797347183531,0.6574869530309113,256,0.000255427557044214,Adam,StepLR,2,1.87784008964611e-06
9,5,0.6508494120015655,0.6517061421116017,0.6511013331229281,0.6517061421116017,256,0.000255427557044214,Adam,StepLR,2,1.87784008964611e-06
