trial,fold,F1 Score,Accuracy,Precision,Recall,Batch Size,Learning Rate,Optimizer,Scheduler,Accumulation Steps,Weight Decay
58,1,0.6708983119871843,0.6709216441875402,0.6719300833995011,0.6709216441875402,64,0.0004215326041571866,AdamW,StepLR,4,0.0009651336315027781
58,2,0.6647196028259214,0.6661849710982659,0.6651339577080022,0.6661849710982659,64,0.0004215326041571866,AdamW,StepLR,4,0.0009651336315027781
58,3,0.6655768943975122,0.6661581694098756,0.6657791287412687,0.6661581694098756,64,0.0004215326041571866,AdamW,StepLR,4,0.0009651336315027781
58,4,0.6716045742426943,0.6732236049779206,0.6710419120799713,0.6732236049779206,64,0.0004215326041571866,AdamW,StepLR,4,0.0009651336315027781
58,5,0.6674742162633066,0.667362505018065,0.6683253306640942,0.667362505018065,64,0.0004215326041571866,AdamW,StepLR,4,0.0009651336315027781
