trial,fold,F1 Score,Accuracy,Precision,Recall,Batch Size,Learning Rate,Optimizer,Scheduler,Accumulation Steps,Weight Decay
96,1,0.683544369033231,0.6832048811817598,0.685145605205805,0.6832048811817598,256,0.0037453691615718,AdamW,StepLR,2,0.0025417551105993905
96,2,0.6767694483278065,0.6771034039820167,0.6771224280912694,0.6771034039820167,256,0.0037453691615718,AdamW,StepLR,2,0.0025417551105993905
96,3,0.6811799353611924,0.6808510638297872,0.6820844486557773,0.6808510638297872,256,0.0037453691615718,AdamW,StepLR,2,0.0025417551105993905
96,4,0.6859771865128708,0.6871938980329185,0.6877795370816672,0.6871938980329185,256,0.0037453691615718,AdamW,StepLR,2,0.0025417551105993905
96,5,0.6751815427798281,0.6750702529104777,0.6762136682951743,0.6750702529104777,256,0.0037453691615718,AdamW,StepLR,2,0.0025417551105993905
