trial,fold,F1 Score,Accuracy,Precision,Recall,Batch Size,Learning Rate,Optimizer,Scheduler,Accumulation Steps,Weight Decay
32,1,0.6827431931654505,0.6831245985870263,0.6843807529500868,0.6831245985870263,64,0.0006220188421121435,AdamW,StepLR,1,0.0037020216716391486
32,2,0.6765521281947259,0.6766217084136159,0.677317591959506,0.6766217084136159,64,0.0006220188421121435,AdamW,StepLR,1,0.0037020216716391486
32,3,0.6840352910205856,0.6843837816138097,0.6853252529373793,0.6843837816138097,64,0.0006220188421121435,AdamW,StepLR,1,0.0037020216716391486
32,4,0.6863987267755566,0.6867121637896427,0.686423867180524,0.6867121637896427,64,0.0006220188421121435,AdamW,StepLR,1,0.0037020216716391486
32,5,0.6756927316210837,0.6759534323564833,0.6766136527432839,0.6759534323564833,64,0.0006220188421121435,AdamW,StepLR,1,0.0037020216716391486
