trial,fold,F1 Score,Accuracy,Precision,Recall,Batch Size,Learning Rate,Optimizer,Scheduler,Accumulation Steps,Weight Decay
72,1,0.6855088893698683,0.6857739242132306,0.6861347075258161,0.6857739242132306,256,0.002739787369244631,AdamW,StepLR,4,0.0009409602202196748
72,2,0.6828612924035768,0.6832851637764933,0.6831566529943728,0.6832851637764933,256,0.002739787369244631,AdamW,StepLR,4,0.0009409602202196748
72,3,0.6817345214158795,0.6812525090325171,0.6833443527459022,0.6812525090325171,256,0.002739787369244631,AdamW,StepLR,4,0.0009409602202196748
72,4,0.6863653734523655,0.6874347651545564,0.6862385034055709,0.6874347651545564,256,0.002739787369244631,AdamW,StepLR,4,0.0009409602202196748
72,5,0.6780903451103274,0.6785226816539542,0.678016200861823,0.6785226816539542,256,0.002739787369244631,AdamW,StepLR,4,0.0009409602202196748
